{"cameraMode":{"drawMode":0,"name":"Shaded","section":"Shading Mode"},"sceneLighting":true,"audioPlay":false,"sceneViewState":{"showFog":true,"showMaterialUpdate":false,"showSkybox":true,"showFlares":true,"showImageEffects":true,"showParticleSystems":true},"in2DMode":false,"pivot":{"x":-0.6258077621459961,"y":-3.028993606567383,"z":75.44403076171875},"rotation":{"x":-0.004809624515473843,"y":0.003597831353545189,"z":-0.000017344738807878457,"w":-0.9999850392341614},"size":41.05523681640625,"orthographic":false}